,City,Cloudiness,Country,Date,Humidity,Lat,Lng,Max Temp,Wind Speed
0,rikitea,100.0,PF,1567646181,70,-23.12,-134.97,295.756,3.7
1,kahului,40.0,US,1567646181,52,20.89,-156.47,305.15,11.3
2,vaini,75.0,IN,1567646038,100,15.34,74.49,294.15,3.1
3,bluff,17.0,AU,1567646033,16,-23.58,149.07,299.656,4.61
5,ushuaia,75.0,AR,1567646182,56,-54.81,-68.31,279.15,6.2
6,salihorsk,0.0,BY,1567646182,88,52.79,27.54,284.356,0.45
7,bessonovka,0.0,RU,1567646182,64,53.31,45.04,282.04,1.1
8,katsuura,75.0,JP,1567646182,88,33.93,134.5,300.93,1.5
9,jalu,0.0,LY,1567646183,80,29.03,21.55,297.256,5.53
10,ponta do sol,42.0,BR,1567646183,33,-20.63,-46,300.056,3.88
11,barrow,95.0,AR,1567646183,87,-38.31,-60.23,274.556,0.94
12,atuona,44.0,PF,1567646183,73,-9.8,-139.03,299.356,4.98
13,new norfolk,40.0,AU,1567645961,50,-42.78,147.06,285.37,3.1
14,kraslava,23.0,LV,1567646184,97,55.9,27.16,284.356,1.76
15,mataura,98.0,NZ,1567646184,76,-46.19,168.86,284.26,3.58
16,tura,80.0,RU,1567646184,88,64.27,100.22,278.056,6.02
17,progreso,40.0,UY,1567646185,52,-34.68,-56.22,282.59,5.1
18,albany,40.0,US,1567646178,87,42.65,-73.75,293.15,4.1
19,saskylakh,93.0,RU,1567646185,81,71.97,114.09,272.656,3.44
20,ghanzi,0.0,BW,1567646185,24,-21.7,21.65,291.256,3.66
21,aswan,0.0,EG,1567646186,28,24.09,32.9,302.15,4.6
22,presidencia roque saenz pena,100.0,AR,1567646186,46,-26.79,-60.44,288.456,4.03
23,chambas,20.0,CU,1567646186,83,22.19,-78.91,302.15,1.5
24,arraial do cabo,97.0,BR,1567646186,94,-22.97,-42.02,293.956,5.8
25,auki,100.0,NG,1567646186,91,12.18,6.51,297.056,4.44
26,kamenka,2.0,MD,1567646187,92,48.03,28.7,282.04,1.14
27,busselton,12.0,AU,1567646187,53,-33.64,115.35,284.26,4.99
28,jamestown,5.0,AU,1567646053,64,-33.21,138.6,288.256,3.69
29,mahebourg,75.0,MU,1567646187,88,-20.41,57.7,295.93,1.5
30,port elizabeth,20.0,US,1567646188,74,39.31,-74.98,301.15,3.6
31,luderitz,6.0,NA,1567646188,42,-26.65,15.16,293.15,5.7
32,vardo,1.0,US,1567646188,58,39.62,-77.74,301.15,1.5
33,porbandar,100.0,IN,1567646188,86,21.64,69.61,300.956,6.73
34,chuy,26.0,UY,1567646189,71,-33.69,-53.46,280.156,6.54
35,omsukchan,100.0,RU,1567646189,63,62.53,155.8,282.156,4.29
36,bowen,0.0,AU,1567646189,21,-20.01,148.25,302.15,2.1
37,castro,0.0,CL,1567646189,60,-42.48,-73.76,277.15,2.1
38,jimenez,75.0,PA,1567646190,94,8.54,-82.37,298.15,1.5
39,pangai,90.0,TO,1567646190,100,-19.8,-174.35,296.15,4.6
40,kapaa,40.0,US,1567646190,62,22.08,-159.32,304.15,7.7
41,khon buri,75.0,TH,1567646190,78,14.52,102.25,300.93,3.1
42,bambanglipuro,17.0,ID,1567646191,80,-7.95,110.28,296.156,4.49
43,nikolskoye,0.0,RU,1567646191,87,59.7,30.79,286.48,2
44,khatanga,100.0,RU,1567646191,57,71.98,102.47,275.856,3.98
45,cherskiy,0.0,RU,1567646191,37,68.75,161.3,284.856,2.4
46,tiksi,48.0,RU,1567646192,83,71.64,128.87,280.456,6.32
47,saldanha,4.0,PT,1567646192,50,41.42,-6.55,292.456,3.18
48,hobart,40.0,AU,1567646069,50,-42.88,147.33,285.37,3.1
49,mayumba,83.0,GA,1567646192,88,-3.44,10.65,295.856,3.23
50,punta arenas,75.0,CL,1567646192,80,-53.16,-70.91,277.15,2.1
51,semey,87.0,KZ,1567646193,44,50.41,80.25,285.056,3.29
52,provideniya,75.0,RU,1567646193,81,64.42,-173.23,284.15,3
53,mogok,87.0,MM,1567646193,94,22.92,96.51,293.256,1.56
54,maniitsoq,100.0,GL,1567646194,95,65.42,-52.9,277.156,10.89
55,zaysan,81.0,KZ,1567646194,41,47.47,84.87,286.856,1.47
56,puerto escondido,40.0,MX,1567646194,62,15.86,-97.07,305.15,1.5
57,constitucion,90.0,MX,1567646194,63,23.99,-104.67,291.15,7.2
58,puerto ayora,0.0,EC,1567646195,73,-0.74,-90.35,296.15,7.2
59,lagos,100.0,NG,1567645959,91,6.46,3.39,297.356,3.35
60,guadalupe y calvo,91.0,MX,1567646195,85,26.09,-106.96,290.156,0.66
61,almaznyy,0.0,RU,1567646195,37,48.03,40.04,294.15,5
62,northam,0.0,AU,1567646195,61,-31.65,116.67,283.15,6.2
63,praia da vitoria,75.0,PT,1567646196,94,38.73,-27.07,293.15,10.27
64,bredasdorp,70.0,ZA,1567646196,86,-34.53,20.04,282.59,2.2
65,longyearbyen,40.0,NO,1567646196,86,78.22,15.63,271.15,1.68
67,loudeac,75.0,FR,1567646197,87,48.18,-2.75,288.15,2.1
68,magaria,42.0,NE,1567646197,59,13,8.91,302.256,3.37
69,seymchan,100.0,RU,1567646197,92,62.93,152.39,282.256,1.14
70,hovd,75.0,NO,1567646197,93,63.83,10.7,284.82,2.6
71,mar del plata,0.0,AR,1567646197,53,-46.43,-67.52,274.256,4.37
72,sitka,0.0,US,1567646198,48,37.17,-99.65,302.59,3.58
73,dongargaon,100.0,IN,1567646198,93,21.56,74.53,297.556,4.18
74,sao filipe,24.0,CV,1567646198,87,14.9,-24.5,299.556,6.23
75,dergachi,0.0,RU,1567646198,73,51.24,48.77,283.756,2.01
76,iquique,90.0,CL,1567646199,67,-20.22,-70.14,290.15,5.7
78,najran,20.0,SA,1567646199,18,17.54,44.22,304.15,2.6
79,kaa-khem,100.0,RU,1567646199,84,51.7,94.56,281.556,1.15
80,georgetown,40.0,GY,1567646124,74,6.8,-58.16,302.15,2.1
81,lorengau,88.0,PG,1567646200,78,-2.02,147.27,301.256,3.63
82,flin flon,92.0,CA,1567646200,49,54.77,-101.88,288.656,2.06
83,abakaliki,100.0,NG,1567646200,93,6.32,8.11,297.256,2.26
84,pingliang,75.0,CN,1567646200,93,35.54,106.68,286.156,1.82
85,banda aceh,97.0,ID,1567646201,82,5.56,95.32,301.056,7.35
86,hermanus,79.0,ZA,1567646073,95,-34.42,19.24,286.48,0.89
87,mogadishu,20.0,SO,1567645910,74,2.04,45.34,299.15,7.2
89,saint anthony,1.0,US,1567646201,18,43.97,-111.68,306.15,5.1
90,tuatapere,97.0,NZ,1567646202,76,-46.13,167.69,284.26,3.58
91,butaritari,82.0,KI,1567646202,71,3.07,172.79,301.856,1.29
92,saint-philippe,90.0,CA,1567646202,59,45.36,-73.48,290.15,8.2
93,tasiilaq,100.0,GL,1567646202,52,65.61,-37.64,280.15,9.8
94,graham,1.0,US,1567646203,48,33.11,-98.59,306.15,1.5
95,wajima,75.0,JP,1567646203,78,37.4,136.9,299.15,2.1
96,hithadhoo,32.0,MV,1567646203,79,-0.6,73.08,301.456,6.77
97,hambantota,75.0,LK,1567646203,100,6.12,81.12,298.15,0.5
98,yumen,0.0,CN,1567646204,32,40.29,97.04,294.656,4.13
99,launceston,0.0,AU,1567646204,57,-41.43,147.14,285.93,3.6
100,darhan,45.0,MN,1567646204,83,49.49,105.92,287.156,0.33
101,leon valley,75.0,US,1567646204,36,29.5,-98.62,307.59,5.1
102,ribeira grande,100.0,PT,1567646205,81,38.52,-28.7,295.256,6.71
103,mufumbwe,38.0,ZM,1567646205,40,-13.68,24.8,289.456,3.03
104,cape town,0.0,ZA,1567646205,67,-33.93,18.42,287.59,9.8
105,shimoda,75.0,JP,1567646205,69,34.7,138.93,301.15,3.6
107,yagoua,40.0,CM,1567646206,87,10.34,15.23,297.656,2.96
108,mayo,90.0,CA,1567646206,42,63.59,-135.9,290.15,4.6
109,alyangula,0.0,AU,1567646206,51,-13.85,136.42,300.15,5.1
110,san marcos,75.0,GT,1567646206,83,14.97,-91.79,300.15,2.1
111,victoria,90.0,BN,1567645991,88,5.28,115.24,301.15,0.94
112,nanortalik,0.0,GL,1567646207,83,60.14,-45.24,278.656,2.12
113,magdagachi,93.0,RU,1567646207,89,53.45,125.8,288.356,1.84
114,te anau,95.0,NZ,1567646099,86,-45.41,167.72,279.056,0.5
115,krasnogorsk,90.0,RU,1567646207,100,55.82,37.34,290.93,3
116,fortuna,1.0,US,1567646208,82,40.6,-124.16,292.59,5.7
117,fairview,75.0,CA,1567646208,76,56.07,-118.38,287.59,8.7
118,bilopillya,95.0,UA,1567646208,97,51.15,34.31,286.356,3.33
119,sambava,80.0,MG,1567646208,90,-14.27,50.17,289.256,1.41
120,port alfred,100.0,ZA,1567646209,95,-33.59,26.89,287.04,1.34
121,shiloh,1.0,US,1567646209,83,38.56,-89.9,298.15,2.1
122,srednekolymsk,21.0,RU,1567646209,40,67.46,153.71,286.756,5.46
124,husavik,92.0,CA,1567646210,52,50.56,-96.99,293.71,2.68
125,east london,100.0,ZA,1567646210,92,-33.02,27.91,286.356,2.43
126,joaquim nabuco,68.0,BR,1567646210,97,-8.62,-35.53,292.556,3.18
128,khandyga,19.0,RU,1567646210,62,62.65,135.58,282.156,1.6
129,kaga,75.0,JP,1567646211,78,36.3,136.31,304.26,1
130,abu samrah,0.0,SY,1567646211,89,35.3,37.18,292.656,3.27
131,muisne,64.0,EC,1567646211,86,0.61,-80.02,295.556,7.53
132,coquimbo,90.0,CL,1567646211,81,-29.95,-71.34,285.15,4.1
133,ukiah,1.0,US,1567646186,12,39.15,-123.21,309.15,3.6
134,cururupu,36.0,BR,1567646212,93,-1.82,-44.87,295.456,1.24
135,carnarvon,79.0,ZA,1567646166,55,-30.97,22.13,284.356,8.67
138,tautira,20.0,PF,1567646212,66,-17.73,-149.15,302.15,3.6
139,bambous virieux,75.0,MU,1567646213,88,-20.34,57.76,295.93,1.5
140,pala,71.0,TD,1567646213,92,9.37,14.91,296.156,1.49
142,bereda,75.0,ES,1567646213,77,43.27,-7.54,290.93,4.6
143,kattivakkam,75.0,IN,1567646214,74,13.22,80.32,301.15,2.6
144,anahuac,0.0,MX,1567646214,78,26.44,-109.02,305.93,1.34
145,palampur,19.0,IN,1567646214,88,32.11,76.54,294.756,1.19
146,port hawkesbury,90.0,CA,1567646214,88,45.62,-61.36,293.15,5.1
147,pisco,0.0,PE,1567646215,82,-13.71,-76.2,289.26,7.2
148,vanavara,0.0,RU,1567646215,85,60.35,102.28,280.856,1.17
149,kodiak,1.0,US,1567645975,77,39.95,-94.76,295.37,2.6
150,arlit,67.0,NE,1567646215,19,18.74,7.39,310.256,2.77
151,tuktoyaktuk,90.0,CA,1567646215,76,69.44,-133.03,284.15,4.6
152,half moon bay,90.0,US,1567646216,93,37.46,-122.43,298.15,4.1
153,lavrentiya,100.0,RU,1567646216,90,65.58,-170.99,281.356,5.84
154,paamiut,83.0,GL,1567646216,82,61.99,-49.67,279.156,1.83
155,ponta delgada,20.0,PT,1567646216,64,37.73,-25.67,294.82,5.1
156,gornopravdinsk,44.0,RU,1567646217,98,60.06,69.92,279.356,1.42
157,esperance,90.0,AU,1567646217,66,-33.86,121.89,283.15,8.2
158,port hardy,20.0,CA,1567646217,77,50.7,-127.42,291.15,4.6
159,chokurdakh,46.0,RU,1567646217,51,70.62,147.9,281.756,3.95
160,raudeberg,100.0,NO,1567646217,87,61.99,5.14,283.15,7.7
161,narsaq,1.0,GL,1567646218,59,60.91,-46.05,281.15,5.1
162,bull savanna,5.0,JM,1567646218,79,17.89,-77.59,303.056,5.3
163,kutum,96.0,SD,1567646218,70,14.2,24.66,297.756,6.2
164,talnakh,90.0,RU,1567646218,100,69.49,88.39,281.15,5
166,ausa,100.0,IN,1567646219,92,18.25,76.5,295.156,5.25
167,kruisfontein,100.0,ZA,1567646219,87,-34,24.73,285.456,2.1
168,usak,16.0,TR,1567646219,65,38.67,29.41,288.956,3.04
169,freeport,97.0,BS,1567646219,79,26.54,-78.7,302.456,12
170,moba,41.0,CD,1567646220,54,-7.04,29.77,290.156,1.63
173,geraldton,75.0,CA,1567646220,66,49.72,-86.95,286.15,2.6
174,ibotirama,0.0,BR,1567646221,34,-12.18,-43.22,297.156,1.83
175,hluti,18.0,SZ,1567646221,86,-27.22,31.62,286.856,1.61
176,dasoguz,0.0,TM,1567645935,82,41.84,59.97,290.15,3.69
177,havelock,40.0,US,1567646221,88,34.88,-76.9,300.37,3.6
178,san ramon,100.0,NI,1567646221,93,12.92,-85.84,293.756,1.55
179,simbahan,0.0,PH,1567646222,81,6.3,120.58,300.956,4.93
180,souillac,75.0,FR,1567646029,87,45.6,-0.6,288.15,2.1
182,san andres,98.0,PH,1567646222,75,13.32,122.68,301.356,4.05
183,palanga,20.0,RO,1567646222,54,44.45,25.08,291.756,6.05
184,cocachacra,90.0,PE,1567646223,85,-17.09,-71.76,286.556,2.04
185,salekhard,14.0,RU,1567646223,92,66.54,66.62,280.656,2.86
186,sajanan,19.0,TN,1567646223,100,37.06,9.24,295.15,3.6
187,shache,10.0,CN,1567646224,88,38.42,77.24,300.93,4.1
189,skjervoy,74.0,NO,1567646224,78,70.03,20.97,283.256,6.51
190,innisfail,14.0,AU,1567646224,10,-17.52,146.03,298.15,3.13
191,emerald,0.0,AU,1567646224,15,-23.53,148.16,304.26,4.1
192,jiwani,95.0,PK,1567646225,81,25.05,61.74,301.056,3.4
193,sonderso,49.0,DK,1567646225,93,55.49,10.26,287.04,3.1
194,baykit,82.0,RU,1567646225,95,61.68,96.39,278.656,1.23
196,lagoa,0.0,PT,1567646226,83,37.14,-8.45,298.15,0.5
197,srandakan,17.0,ID,1567646226,80,-7.94,110.25,296.156,4.49
198,maldonado,75.0,UY,1567646226,49,-34.91,-54.96,281.15,6.7
199,lebu,75.0,ET,1567646226,87,8.96,38.73,288.15,4.1
200,quelimane,0.0,MZ,1567646227,68,-17.88,36.89,294.15,1
201,ust-omchug,97.0,RU,1567646227,87,61.13,149.63,281.856,2.95
202,portland,40.0,US,1567646113,83,43.66,-70.25,295.37,3.1
203,ternate,75.0,PH,1567646227,79,14.29,120.72,304.26,3.1
204,wahiawa,20.0,US,1567646227,52,21.5,-158.02,306.15,5.7
205,chitral,0.0,PK,1567646228,46,35.85,71.79,278.856,2.39
207,pevek,7.0,RU,1567646228,83,69.7,170.27,277.756,1.72
208,rundu,7.0,NA,1567646228,42,-17.91,19.77,291.15,1
209,sur,24.0,OM,1567646229,58,22.57,59.53,301.056,2.29
210,normandin,20.0,CA,1567646027,87,48.84,-72.53,283.15,3.6
211,eyl,12.0,SO,1567646229,73,7.98,49.82,297.356,13.23
212,opuwo,0.0,NA,1567646229,57,-18.06,13.84,285.856,0.79
213,dikson,100.0,RU,1567646229,99,73.51,80.55,279.756,7.86
214,rawson,69.0,AR,1567646230,71,-43.3,-65.11,275.356,3.41
215,faya,0.0,SA,1567646230,49,18.39,42.45,294.15,0.87
216,kudahuvadhoo,60.0,MV,1567646230,76,2.67,72.89,301.556,4.65
218,thompson,20.0,CA,1567646129,37,55.74,-97.86,286.15,2.6
219,kushima,75.0,JP,1567646231,88,31.5,131.29,300.15,5.1
220,ancud,0.0,CL,1567646231,60,-41.87,-73.83,277.15,2.1
221,saint george,0.0,GR,1567646105,52,39.45,22.34,296.48,0.4
222,gat,20.0,SN,1567646231,94,14.69,-16.54,298.15,2.6
223,avarua,85.0,CK,1567646189,57,-21.21,-159.78,298.15,9.3
224,carutapera,37.0,BR,1567646232,77,-1.2,-46.02,298.856,3.29
225,ayan,10.0,IR,1567646232,63,38.23,44.7,284.856,1.09
226,yellowknife,75.0,CA,1567646232,44,62.45,-114.38,288.15,5.7
227,chodziez,0.0,PL,1567646232,67,52.99,16.92,289.26,3.1
228,sao jose da coroa grande,97.0,BR,1567646233,93,-8.9,-35.15,295.056,1.35
229,tuni,75.0,BO,1567646233,86,-16.67,-68.14,276.15,3.1
230,hervey bay,0.0,AU,1567646230,10,-25.3,152.85,306.48,2.1
231,san quintin,100.0,PH,1567646233,86,17.54,120.52,299.156,5.49
233,celano,9.0,IT,1567646234,88,42.09,13.54,293.15,1.5
234,middle island,75.0,US,1567646234,94,40.88,-72.94,298.15,3.1
235,xining,21.0,CN,1567646234,76,36.62,101.77,283.956,0.23
236,namie,75.0,JP,1567646234,88,37.52,140.86,297.15,2.1
237,acajutla,94.0,SV,1567645943,64,13.59,-89.83,302.856,0.73
238,mbekenyera,56.0,TZ,1567646235,94,-10,38.98,291.856,0.92
239,concepcion del oro,100.0,MX,1567646235,93,24.63,-101.42,287.556,3.28
240,saint-francois,90.0,FR,1567646235,77,46.42,3.91,290.15,5.7
241,hilo,40.0,US,1567646236,70,19.71,-155.08,302.15,3.6
242,marienburg,20.0,DE,1567646236,82,52.12,9.98,289.26,3.6
243,champerico,40.0,MX,1567646236,58,16.38,-93.6,302.15,3.6
245,roald,100.0,NO,1567646236,93,62.58,6.12,283.15,2.1
246,clarence town,0.0,AU,1567646237,64,-32.59,151.78,296.48,1
247,baracoa,0.0,CU,1567646237,77,20.35,-74.5,302.156,3.36
248,sao joao da barra,76.0,BR,1567646237,85,-21.64,-41.05,295.656,4.66
249,wanning,0.0,AT,1567646237,87,48.64,13.53,287.59,1.5
250,zhuhai,0.0,CN,1567646238,52,40.71,112.04,291.15,2
251,karakol,88.0,KG,1567646238,74,42.49,78.39,284.956,3.6
252,manjakandriana,75.0,MG,1567646238,81,-18.92,47.81,285.15,1.5
253,sioux lookout,75.0,CA,1567646004,63,50.1,-91.92,289.15,2.1
254,skibbereen,20.0,IE,1567646239,81,51.55,-9.27,281.15,3.1
255,torzhok,21.0,RU,1567646239,97,57.04,34.97,281.956,1.54
258,dunedin,100.0,NZ,1567646239,80,-45.87,170.5,283.71,7.15
259,kralendijk,20.0,BQ,1567646240,79,12.15,-68.27,302.15,7.7
260,henties bay,0.0,NA,1567646240,89,-22.12,14.28,286.48,2.8
261,woodstock,20.0,CA,1567646240,76,43.13,-80.75,289.15,2.6
262,deputatskiy,51.0,RU,1567646240,55,69.3,139.9,280.756,1.64
263,pangnirtung,92.0,CA,1567646240,69,66.15,-65.72,276.956,0.99
264,lodhikheda,75.0,IN,1567646241,100,21.58,78.83,297.15,1.27
266,cayenne,0.0,GF,1567646241,83,4.94,-52.33,299.15,1
267,cidreira,0.0,BR,1567646241,67,-30.17,-50.22,282.556,3.82
268,qaanaaq,21.0,GL,1567646242,50,77.48,-69.36,272.356,2.32
269,san patricio,53.0,PY,1567646149,65,-26.98,-56.83,284.756,4.32
270,bubaque,100.0,GW,1567646145,82,11.28,-15.83,300.256,8.3
271,warwick,40.0,US,1567646242,83,41.7,-71.42,297.15,3.1
273,torbay,90.0,CA,1567646242,100,47.66,-52.73,290.93,6.2
274,mangaldai,75.0,IN,1567646243,94,26.43,92.03,302.15,2.81
275,pouembout,66.0,NC,1567646243,62,-21.12,164.9,294.156,6.63
276,langevag,100.0,NO,1567646243,93,62.44,6.19,283.15,2.1
277,isangel,75.0,VU,1567646243,65,-19.55,169.27,298.15,4.1
278,semnan,0.0,IR,1567646244,46,35.58,53.39,288.556,2.61
279,shahpura,100.0,IN,1567646244,86,25.63,74.93,298.956,1.38
280,ninotsminda,40.0,GE,1567646244,76,41.27,43.59,286.15,2.1
281,norman wells,75.0,CA,1567646244,76,65.28,-126.83,287.15,5.7
282,upernavik,87.0,GL,1567646245,89,72.79,-56.15,278.556,6.19
283,ahrensburg,20.0,DE,1567646245,87,53.67,10.24,288.15,3.6
284,faanui,26.0,PF,1567646245,80,-16.48,-151.75,298.856,10.07
285,qarchi gak,5.0,AF,1567646245,25,37.04,66.79,296.15,5.7
286,moissala,7.0,TD,1567646246,95,8.34,17.77,293.456,0.86
287,klaksvik,15.0,FO,1567646246,81,62.23,-6.59,279.15,1
288,ajdabiya,0.0,LY,1567646246,79,30.75,20.22,299.456,4.97
289,ayagoz,100.0,KZ,1567646246,41,47.96,80.43,284.156,2.09
290,airai,61.0,TL,1567646246,43,-8.93,125.41,299.856,0.88
293,kungurtug,100.0,RU,1567646247,77,50.6,97.53,280.856,0.4
294,sobolevo,0.0,RU,1567646247,89,54.43,31.9,282.556,1.5
295,townsville,0.0,AU,1567646247,13,-19.26,146.82,302.59,2.6
296,providencia,100.0,CO,1567646248,91,1.24,-77.6,286.456,0.48
300,balkhash,37.0,KZ,1567646248,72,46.84,74.98,288.756,3.15
301,suntar,99.0,RU,1567646249,91,62.16,117.65,283.956,2.52
303,umm kaddadah,46.0,SD,1567646249,64,13.6,26.69,300.556,10.51
305,touros,75.0,BR,1567646249,94,-5.2,-35.46,296.15,2.1
306,ardesen,40.0,TR,1567646250,94,41.19,40.99,293.15,4.6
307,smithers,75.0,CA,1567646250,48,54.78,-127.17,292.15,3.1
308,port lincoln,19.0,AU,1567646250,64,-34.72,135.86,286.356,10.86
309,buba,100.0,GW,1567646250,96,11.59,-14.99,296.856,2.41
310,aktau,0.0,KZ,1567646250,71,43.65,51.16,283.15,3
312,olinda,20.0,AU,1567646251,55,-37.84,145.39,290.93,5.1
313,aykhal,90.0,RU,1567646251,100,65.95,111.51,277.15,3
314,tagusao,99.0,PH,1567646251,71,9.19,117.81,301.256,2.45
315,caravelas,0.0,BR,1567646251,87,-17.73,-39.27,295.256,3.66
316,kaitangata,100.0,NZ,1567646073,70,-46.28,169.85,283.71,3.58
317,waingapu,32.0,ID,1567646252,73,-9.65,120.26,296.656,4.34
318,shizunai,86.0,JP,1567646252,73,42.33,142.37,292.056,4.56
319,tanete,65.0,ID,1567646252,74,-3.94,119.78,299.356,5.45
321,coihaique,0.0,CL,1567646121,44,-45.58,-72.07,276.15,3.31
322,zonguldak,0.0,TR,1567646253,64,41.25,31.83,296.056,1.78
323,manaus,40.0,BR,1567646253,79,-3.13,-59.98,302.15,0.5
324,saint-tite,90.0,CA,1567646253,72,46.73,-72.56,288.15,5.1
325,wanaka,71.0,NZ,1567645995,57,-44.7,169.14,279.856,0.72
326,eregli,0.0,TR,1567646254,40,37.51,34.05,292.556,2.22
327,muros,75.0,ES,1567646254,87,42.77,-9.06,292.59,6.7
328,bangassou,75.0,CF,1567646254,98,4.74,22.82,292.356,1.05
329,kalabo,0.0,ZM,1567646254,29,-15,22.67,292.056,2.98
332,komsomolskiy,17.0,RU,1567646255,90,67.55,63.78,280.756,3.83
333,ahipara,60.0,NZ,1567646255,100,-35.17,173.16,289.82,12.38
334,hofn,0.0,IS,1567646255,70,64.25,-15.21,273.456,3.58
335,warri,100.0,NG,1567646256,88,5.52,5.75,298.256,2.8
336,broome,44.0,GB,1567646256,76,52.47,1.45,286.15,5.7
337,buraydah,20.0,SA,1567646256,24,26.33,43.97,305.15,3.6
338,simplicio mendes,9.0,BR,1567646257,45,-7.85,-41.91,299.156,2.08
339,mount gambier,30.0,AU,1567646257,82,-37.83,140.78,287.15,6.7
340,teodoro sampaio,14.0,BR,1567646257,67,-22.53,-52.17,296.656,2.29
341,sancti spiritus,100.0,CU,1567646257,84,21.93,-79.44,298.856,1.51
342,salalah,90.0,OM,1567646217,94,17.01,54.1,299.15,1
343,swan hill,80.0,AU,1567646258,75,-35.34,143.56,287.756,2.19
344,alice springs,0.0,AU,1567646227,9,-23.7,133.88,303.15,7.7
345,boa vista,0.0,BR,1567646258,74,2.82,-60.67,301.15,1.5
346,dingli,61.0,IN,1567646258,70,28.39,75.51,302.956,4.61
348,berlevag,17.0,NO,1567646259,76,70.86,29.09,283.256,5.93
349,george,0.0,MW,1567646259,49,-15.35,34.83,290.256,0.74
350,dingle,97.0,PH,1567646259,76,11,122.67,300.056,1.31
351,sirjan,0.0,IR,1567646259,38,29.44,55.67,294.256,2.86
352,zemen,40.0,BG,1567646260,87,42.48,22.75,289.26,1.24
353,nakamura,75.0,JP,1567646260,88,35.17,136.87,302.04,0.5
354,hamilton,20.0,CA,1567646042,72,43.26,-79.87,292.15,2.1
355,hay river,90.0,CA,1567646260,93,60.82,-115.79,285.15,2.6
356,beringovskiy,100.0,RU,1567646261,83,63.05,179.32,281.356,1.55
357,jizan,20.0,SA,1567646261,84,16.89,42.56,305.15,4.1
358,rognan,0.0,NO,1567646261,93,67.1,15.4,280.93,4.6
360,cabo san lucas,5.0,MX,1567646063,58,22.89,-109.91,305.15,6.7
361,maragogi,97.0,BR,1567646154,93,-9.01,-35.22,295.056,1.35
362,benguela,55.0,AO,1567646262,86,-12.58,13.4,293.756,4.06
363,lugovoy,44.0,RU,1567646262,97,59.72,65.88,280.156,1.73
364,burns lake,35.0,CA,1567646262,41,54.23,-125.76,291.056,3.5
365,dosso,100.0,NE,1567646262,78,13.05,3.19,300.456,5.01
366,los llanos de aridane,26.0,ES,1567646263,64,28.66,-17.92,295.15,3.1
367,tornio,90.0,FI,1567646263,100,61.12,27.27,284.15,2.6
369,avera,1.0,US,1567645862,62,33.19,-82.53,303.15,4.1
371,imeni poliny osipenko,100.0,RU,1567646263,95,52.42,136.49,288.456,0.08
372,kavieng,95.0,PG,1567646264,71,-2.57,150.8,301.456,2.84
373,bandar-e lengeh,0.0,IR,1567646264,79,26.56,54.88,303.15,1.98
374,qaqortoq,1.0,GL,1567646264,59,60.72,-46.03,281.15,5.1
375,codrington,0.0,AU,1567646264,41,-28.95,153.24,300.93,0.59
376,san policarpo,100.0,PH,1567646265,77,12.18,125.51,300.656,2.11
377,comodoro rivadavia,0.0,AR,1567646265,69,-45.87,-67.48,274.15,2.1
378,cedar city,40.0,US,1567646171,28,37.68,-113.06,303.71,6.7
379,kitui,38.0,KE,1567646265,72,-1.37,38.02,290.356,1.65
380,fonte boa,57.0,BR,1567646265,72,-2.51,-66.09,302.756,0.81
381,mahibadhoo,90.0,MV,1567646266,79,3.78,72.97,301.156,3.86
382,erzin,40.0,TR,1567646266,83,36.95,36.2,299.82,0.33
383,mogzon,0.0,RU,1567646266,89,51.74,111.97,286.056,0.43
384,qostanay,40.0,KZ,1567646267,87,53.17,63.58,281.15,4
387,ugoofaaru,28.0,MV,1567646267,77,5.67,73,301.056,3.1
388,sao lourenco do sul,8.0,BR,1567646267,88,-31.37,-51.98,278.71,5.69
389,malpe,75.0,IN,1567646267,88,13.35,74.72,297.15,3.1
390,mariental,90.0,BR,1567646268,93,-25.72,-49.65,285.37,3.1
391,tomatlan,89.0,MX,1567646268,75,19.93,-105.25,301.956,3.87
392,kamaishi,75.0,JP,1567646268,77,39.28,141.86,294.15,1
393,ishigaki,75.0,JP,1567646268,100,24.34,124.16,299.15,8.2
395,byron bay,0.0,AU,1567645761,43,-28.65,153.62,301.48,4.1
396,ila,75.0,NO,1567646269,93,63.43,10.37,284.82,2.6
397,southbridge,1.0,US,1567646269,93,42.08,-72.03,294.82,3.1
398,saint-louis,90.0,SN,1567646269,94,16.03,-16.5,299.15,2.02
399,ratnagiri,100.0,IN,1567646270,82,16.98,73.3,300.456,9.26
400,kiruna,6.0,SE,1567646270,86,67.86,20.23,276.15,3.1
401,molepolole,0.0,BW,1567646270,30,-24.41,25.52,286.15,0.5
403,iqaluit,75.0,CA,1567646271,81,63.75,-68.52,279.15,2.1
404,ituango,100.0,CO,1567646271,98,7.17,-75.76,289.856,1.01
406,tikapur,49.0,NP,1567646271,84,28.53,81.12,301.48,0.45
407,yulara,0.0,AU,1567646271,28,-25.24,130.99,295.15,4.1
408,lomonosov,0.0,RU,1567646272,87,59.91,29.78,286.48,2
409,vysha,0.0,RU,1567646272,82,53.85,42.38,283.356,2.27
410,la ronge,75.0,CA,1567646272,77,55.1,-105.3,288.15,4.6
411,richards bay,47.0,ZA,1567646272,74,-28.77,32.06,294.156,5.75
412,radhanpur,100.0,IN,1567646273,88,23.83,71.61,300.756,3.78
413,barreiras,0.0,BR,1567646273,36,-12.14,-45,295.556,0.98
414,nizwa,67.0,OM,1567646273,34,22.93,57.53,303.556,1.51
417,surt,0.0,LY,1567646274,67,31.21,16.59,299.156,3.9
418,fairbanks,75.0,US,1567646065,51,64.84,-147.72,290.15,3.1
419,srivardhan,100.0,IN,1567646274,88,18.03,73.02,299.356,6.35
420,fare,9.0,PF,1567646274,79,-16.7,-151.02,298.656,10.4
421,riberalta,94.0,BO,1567646275,93,-11,-66.08,295.956,2.58
422,avallon,78.0,FR,1567646275,90,47.49,3.91,285.93,3.15
423,hasaki,75.0,JP,1567646275,78,35.73,140.83,300.15,2.6
424,brekstad,75.0,NO,1567646275,87,63.69,9.67,284.82,2.6
425,dzilam gonzalez,0.0,MX,1567646275,84,21.28,-88.93,301.056,9.14
426,hastings,95.0,NZ,1567646276,84,-39.64,176.84,289.856,2.78
427,maun,0.0,BW,1567646276,34,-19.99,23.42,291.15,4.6
428,jorochito,40.0,BO,1567646276,33,-18.06,-63.43,298.15,3.1
429,banyo,89.0,CM,1567646276,93,6.75,11.81,290.856,1.09
430,morondava,0.0,MG,1567646277,70,-20.3,44.28,294.956,3.81
431,butembo,89.0,CD,1567646277,95,0.12,29.29,289.156,1.18
432,letterkenny,84.0,IE,1567646277,85,54.95,-7.73,281.456,4.34
433,orsha,0.0,BY,1567646277,85,54.51,30.43,283.456,1.06
434,sillamae,61.0,EE,1567646278,86,59.4,27.75,286.556,5.55
435,kidal,77.0,ML,1567646278,31,18.44,1.41,307.556,6.26
436,mandalgovi,18.0,MN,1567646278,65,45.76,106.27,288.856,4.07
437,sibu,75.0,MY,1567646278,78,2.29,111.83,299.15,1
438,rocha,47.0,UY,1567646279,88,-34.48,-54.34,275.356,2.41
439,nouadhibou,17.0,MR,1567646279,57,20.93,-17.03,299.15,6.2
440,anadyr,90.0,RU,1567646279,81,64.73,177.51,281.15,2
441,beidao,75.0,CN,1567646279,89,34.57,105.89,288.456,2.89
443,makakilo city,20.0,US,1567646280,52,21.35,-158.09,306.15,5.7
444,mayor pablo lagerenza,83.0,PY,1567646280,34,-19.93,-60.77,297.156,5.2
445,qasigiannguit,88.0,GL,1567646280,86,68.82,-51.19,277.15,1.34
446,guerrero negro,0.0,MX,1567646281,81,27.97,-114.04,296.756,3.81
447,padilla,40.0,CO,1567646281,65,3.23,-76.31,298.15,6.2
448,whitianga,83.0,NZ,1567646281,80,-36.83,175.7,292.04,2.68
449,novopokrovka,88.0,UA,1567646281,87,49.84,36.56,289.15,3
450,coihueco,100.0,CL,1567646268,76,-36.63,-71.83,285.93,2.6
451,atar,28.0,MR,1567646282,25,20.52,-13.05,309.556,1.7
452,mango,91.0,CF,1567646282,98,4.65,22.36,292.856,0.91
455,maningrida,44.0,AU,1567646282,61,-12.05,134.23,297.756,4.82
456,glens falls,1.0,US,1567646283,72,43.31,-73.64,292.15,2.6
457,shenzhen,20.0,CN,1567646283,78,22.54,114.05,303.71,4.1
458,sosva,100.0,RU,1567646283,98,59.17,61.86,282.456,1.12
460,brae,100.0,GB,1567646283,81,60.4,-1.35,282.15,10.3
461,severo-kurilsk,23.0,RU,1567646284,95,50.68,156.12,282.956,7.49
462,trincomalee,100.0,LK,1567646284,71,8.58,81.23,299.156,4.01
463,iberia,91.0,PE,1567646284,83,-11.41,-69.49,296.556,1.57
464,quatre cocos,75.0,MU,1567646284,88,-20.21,57.76,295.93,1.5
465,barranca,0.0,PE,1567646285,89,-10.75,-77.76,289.156,3.71
466,waverly,40.0,US,1567646285,94,37.04,-77.1,301.48,2.1
467,cajamarca,80.0,PE,1567646285,79,-7.16,-78.52,286.056,1.33
468,estelle,0.0,FR,1567646285,36,43.97,3.47,298.15,5.7
469,nha trang,40.0,VN,1567646057,62,12.24,109.19,304.15,6.2
470,mantua,5.0,IT,1567646286,88,45.16,10.79,293.15,1.5
471,lovozero,34.0,RU,1567646286,86,68.01,35.02,281.456,2.99
472,bethel,90.0,US,1567646286,66,60.79,-161.76,286.15,9.3
473,anaconda,1.0,US,1567646287,10,46.13,-112.94,303.15,5.1
474,sweetwater,1.0,US,1567646287,33,32.47,-100.41,306.15,7.04
475,saint-joseph,0.0,FR,1567646287,82,43.56,6.97,296.15,2.1
476,mumford,75.0,GH,1567646283,89,5.26,-0.76,296.756,2.31
477,leningradskiy,100.0,RU,1567646288,89,69.38,178.42,277.156,4.76
478,ambilobe,82.0,MG,1567646288,73,-13.19,49.05,293.356,2.72
480,haikou,40.0,CN,1567646288,88,20.04,110.34,301.15,4
481,ilulissat,99.0,GL,1567646288,86,69.22,-51.1,277.15,1
482,menongue,0.0,AO,1567646289,29,-14.66,17.68,288.456,0.99
483,laguna,40.0,BZ,1567646289,79,16.17,-88.94,303.15,2.1
484,kingaroy,0.0,AU,1567646289,11,-26.54,151.84,302.15,2.1
486,katherine,25.0,AU,1567646289,37,-14.47,132.26,301.15,2.6
487,basco,40.0,US,1567646290,82,40.33,-91.2,295.37,1.82
488,palatka,100.0,RU,1567646290,97,60.1,150.94,281.156,4.63
489,santa maria,0.0,BR,1567646290,28,-16.02,-48.01,296.15,0.5
490,tucumcari,1.0,US,1567646290,25,35.17,-103.73,304.15,5.1
491,abeche,17.0,TD,1567646291,71,13.83,20.83,300.056,5.07
492,westport,75.0,US,1567646105,94,41.14,-73.36,298.71,1.97
493,tari,98.0,NG,1567646291,72,12.41,4.49,300.156,5.03
494,keti bandar,100.0,PK,1567646151,82,24.14,67.45,301.756,5.76
495,potoru,96.0,SL,1567646291,97,7.51,-11.48,296.056,1.67
498,zacatepec,91.0,MX,1567646292,84,20.06,-98.01,288.756,1.95
499,clyde river,90.0,CA,1567646034,80,70.47,-68.59,278.15,3.1
500,sechura,19.0,PE,1567646292,89,-5.56,-80.82,290.156,6.36
501,imeni morozova,0.0,RU,1567646293,87,59.98,31.04,286.48,2
502,anchorage,1.0,US,1567646252,45,61.22,-149.89,291.15,3.1
503,bom jardim,75.0,BR,1567646293,100,-7.8,-35.59,294.15,3.6
504,dicabisagan,100.0,PH,1567646293,79,17.08,122.42,299.756,1.15
505,murgab,40.0,TM,1567646293,56,37.5,61.97,293.15,1.74
506,damara,20.0,CF,1567646294,100,4.96,18.7,295.15,0.65
507,belaya gora,16.0,RU,1567646294,45,68.54,146.19,282.756,6.21
509,chulym,0.0,RU,1567646294,96,55.09,80.97,278.056,1.13
510,allende,40.0,MX,1567646295,38,28.34,-100.85,307.15,5.1
511,buzmeyin,75.0,TM,1567646295,45,38.05,58.21,293.15,2.1
514,pimentel,85.0,BR,1567646295,87,-3.7,-45.5,297.656,1.49
515,karasburg,100.0,NA,1567646295,32,-28.01,18.75,289.256,4.45
516,serik,0.0,TR,1567646296,78,36.92,31.1,296.15,1.5
517,kibre mengist,52.0,ET,1567646296,94,5.87,38.99,284.956,0.56
518,cavalcante,0.0,BR,1567646296,24,-13.79,-47.46,294.656,3.63
519,kushiro,75.0,JP,1567646296,82,43.11,144.15,293.15,4.6
520,yiyang,52.0,CN,1567646297,78,28.59,112.35,296.156,1.54
521,irbeyskoye,0.0,RU,1567646297,92,55.64,95.45,279.656,2.31
522,mount isa,13.0,AU,1567646297,23,-20.73,139.49,302.15,2.6
523,dwarka,40.0,IN,1567646297,88,28.58,77.04,302.59,1.5
524,toucheng,75.0,TW,1567646298,94,24.86,121.82,302.04,3.6
525,praya,20.0,ID,1567646298,74,-8.71,116.27,299.15,2.1
526,grand gaube,75.0,MU,1567646298,88,-20.01,57.66,295.93,1.5
527,bathsheba,40.0,BB,1567646298,78,13.22,-59.52,301.15,6.2
528,homer,1.0,US,1567646299,67,59.64,-151.54,290.93,4.6
529,camacha,40.0,PT,1567646299,78,33.08,-16.33,296.15,5.1
530,naze,99.0,NG,1567646299,96,5.43,7.07,296.756,1.27
531,cumberland,1.0,US,1567646299,93,41.97,-71.43,296.15,3.1
532,port macquarie,11.0,AU,1567646111,35,-31.43,152.91,300.37,2.6
533,kailua,40.0,US,1567646300,52,21.39,-157.74,306.15,8.2
534,lazaro cardenas,90.0,MX,1567646300,26,28.39,-105.62,302.15,5.7
535,casablanca,40.0,MA,1567646230,94,33.6,-7.62,295.93,2.26
536,zasheyek,85.0,RU,1567646300,94,67.41,32.55,282.456,1.88
537,upata,100.0,VE,1567646301,86,8.02,-62.41,300.93,0.89
538,boksitogorsk,0.0,RU,1567646301,93,59.47,33.85,278.15,2.18
539,yar-sale,21.0,RU,1567646260,93,66.83,70.83,281.056,3.26
540,nishihara,75.0,JP,1567646301,78,35.74,139.53,300.93,3.6
542,kaeo,95.0,NZ,1567646302,100,-35.1,173.78,290.93,4.83
543,shu,2.0,KZ,1567646302,47,43.6,73.76,289.456,4.26
544,dawei,100.0,MM,1567646302,86,14.07,98.19,299.156,4.12
545,kadiri,100.0,IN,1567646302,83,14.11,78.16,295.356,8.6
546,amahai,99.0,ID,1567646303,88,-3.31,129,297.256,4.52
547,challans,0.0,FR,1567646303,81,46.85,-1.88,287.15,2.6
548,mayya,40.0,RU,1567646303,71,61.74,130.28,285.15,4
549,lata,94.0,IN,1567646303,90,30.78,78.62,279.656,0.37
550,aguimes,20.0,ES,1567646304,68,27.91,-15.45,295.15,7.7
551,myanaung,94.0,MM,1567646304,94,18.28,95.32,297.456,0.61
552,mayskiy,6.0,RU,1567646304,62,43.63,44.06,288.15,2
553,trairi,36.0,BR,1567646304,87,-3.28,-39.27,295.256,2.27
554,christchurch,100.0,NZ,1567646304,100,-43.53,172.64,284.26,7.7
556,barra patuca,99.0,HN,1567646305,78,15.8,-84.28,302.256,6.53
557,mildura,37.0,AU,1567646147,28,-34.18,142.16,295.15,8.2
559,gorom-gorom,81.0,BF,1567646305,47,14.45,-0.24,302.556,6.51
560,qena,0.0,EG,1567646306,39,26.16,32.72,302.15,2.1
562,tiarei,20.0,PF,1567646306,66,-17.53,-149.33,302.15,3.6
564,watsa,42.0,CD,1567646306,97,3.04,29.53,291.156,0.86
566,muravlenko,100.0,RU,1567646307,88,63.79,74.5,282.256,2.25
567,nizhneangarsk,100.0,RU,1567646307,69,55.78,109.57,283.956,0.99
568,bereznik,89.0,RU,1567646307,96,62.86,42.71,285.656,2.17
570,fatezh,100.0,RU,1567646308,91,52.09,35.86,286.48,3.42
571,moose factory,90.0,CA,1567646308,100,51.26,-80.61,282.15,1.5
572,huarmey,6.0,PE,1567646308,89,-10.07,-78.15,289.156,4.41
573,turukhansk,68.0,RU,1567646308,88,65.8,87.96,278.656,3.18
574,luena,56.0,AO,1567646309,40,-11.78,19.91,290.356,0.89
575,itapeva,86.0,BR,1567646309,92,-23.98,-48.88,288.156,4.66
576,kedrovyy,0.0,RU,1567646309,86,56.17,91.82,278.15,1.69
577,mecca,77.0,SA,1567646226,48,21.43,39.83,303.356,2.46
578,rio grande,13.0,BR,1567646309,88,-32.03,-52.1,278.71,2.51
579,nortelandia,1.0,BR,1567646310,23,-14.45,-56.8,301.756,0.84
580,honavar,100.0,IN,1567646310,83,14.28,74.45,300.556,9.49
581,voskevan,40.0,AM,1567646310,60,41.12,45.07,293.15,4.1
582,alcala la real,3.0,ES,1567646311,93,37.46,-3.92,299.26,1.12
583,xifeng,89.0,CN,1567646311,84,42.73,124.72,294.756,3.26
584,gizo,20.0,IL,1567646311,73,31.8,34.94,298.15,2.6
585,gilgit,0.0,PK,1567646311,68,35.92,74.31,281.456,4.24
587,bandar,75.0,BD,1567646312,88,22.29,91.78,300.15,1.5
590,astana,75.0,KZ,1567646312,93,51.13,71.43,282.15,5
591,bonthe,100.0,SL,1567646312,92,7.53,-12.5,297.656,3.54
592,thurso,75.0,CA,1567646313,77,45.6,-75.25,289.82,2.1
593,saint-pierre,0.0,FR,1567646313,76,48.95,4.24,286.15,2.6
594,gao,100.0,ML,1567646313,52,16.28,-0.04,302.756,6.89
595,isla mujeres,40.0,MX,1567646313,70,21.23,-86.73,303.15,3.6
596,kandrian,100.0,PG,1567646314,80,-6.21,149.55,296.356,4.89
597,goulburn,14.0,AU,1567646314,50,-34.75,149.72,291.48,4.22
598,ewa beach,20.0,US,1567646314,52,21.32,-158.01,306.15,5.7
599,antalya,0.0,TR,1567646160,78,36.9,30.69,296.15,1.5
600,zlitan,0.0,LY,1567646314,73,32.47,14.57,296.956,4.1
601,florianopolis,75.0,BR,1567646315,71,-27.6,-48.55,287.59,5.7
602,afsin,0.0,TR,1567646315,70,38.25,36.91,283.456,1.53
604,batemans bay,75.0,AU,1567646315,50,-35.71,150.18,290.93,1.07
605,svetlogorsk,40.0,RU,1567646315,93,53.14,59.15,278.15,2
606,pleasanton,20.0,US,1567646104,77,37.66,-121.87,307.59,7.2
607,lejre,96.0,DK,1567646316,100,55.6,11.97,288.71,2.6
608,luanda,26.0,AO,1567646316,94,-8.83,13.24,294.15,3.1
609,brokopondo,0.0,SR,1567646316,83,5.06,-54.98,300.15,2.6
611,mobaye,90.0,CF,1567646317,96,4.33,21.18,293.056,0.79
612,aljezur,0.0,PT,1567646317,50,37.31,-8.8,298.15,4.43
613,lompoc,90.0,US,1567646317,87,34.64,-120.46,303.15,4.6
614,owando,99.0,CG,1567646317,90,-0.49,15.91,295.756,0.96
615,samarai,95.0,PG,1567646318,61,-10.62,150.67,297.356,4.14
616,necochea,64.0,AR,1567646318,63,-38.55,-58.74,278.71,1.79
617,palmer,75.0,AU,1567646318,77,-34.85,139.16,289.82,3.1
618,thinadhoo,91.0,MV,1567646318,77,0.53,72.93,301.256,5.27
619,sayansk,100.0,RU,1567646318,94,54.11,102.18,283.456,4.86
620,la asuncion,100.0,AR,1567646319,86,-26.05,-65.39,277.456,1.08
622,namatanai,100.0,PG,1567646319,88,-3.66,152.44,298.456,6.09
